Job ID,Company,Role,URL,Salary,Status
1,OnTop,Customer Success Manager,https://inclusivelyremote.com/job/customer-success-manager-50/,$80K-140K,Ready to Apply
2,Scale Army,Operations Coordinator,https://remoteotter.com/company/scale-army/jobs/remote-operations-coordinator_6a81798d-3033-42dc-b14a-74aba38028af,Competitive,Ready to Apply
3,Nextiva,Account Executive,https://remotive.com/remote/jobs/sales-business/jr-account-executive-3364362,$70K-120K,Ready to Apply
4,Tremendous,Customer Success Manager,https://workinvirtual.com/job/customer-success-manager-saas-account-growth-retention-us-remote-80k-140k/,$80K-140K,Ready to Apply
5,Tonkean,Customer Success Manager,https://jobs.lever.co/tonkean/0e3d51b1-9e2d-4e3a-9554-4d3b4e5c8d9c,$145K-165K,Ready to Apply
6,Logiwa,Customer Success Manager,https://www.indeed.com/viewjob?jk=eb0501f4a134b685,$130K-140K,Ready to Apply
7,Brink's,Customer Relationship Manager,https://www.indeed.com/rc/clk?jk=4d8a9b7c3e2f1a0d,$80K-92.5K,Ready to Apply
8,CrowdStrike,Program Manager Digital CS,https://careers.crowdstrike.com/ job/115545?domain=crowdstrike.com,$115K-160K CAD,Ready to Apply
9,Flosum,Customer Success Manager,https://www.indeed.com/viewjob?jk=9a66e3725284ed2c,Remote,Ready to Apply
10,Instrumentl,Customer Success Manager,https://dynamitejobs.com/company/instrumentl/remote-job/customer-success-manager-1,$80K-100K,Ready to Apply
11,Influ2,Customer Success Manager,https://jobs.remote.com/jobs/influ2-c1aknpsj/customer-success-manager-j15hsp0x,Remote,Ready to Apply
12,DoiT,Customer Success Manager EMEA,https://remotehey.com/jobs/customer-success-manager-emeaB7D7CHbn5ev8YhA6ZE0zm-linkedin,Remote,Ready to Apply
13,HockeyStack,Customer Success Manager,https://dynamitejobs.com/company/hockeystack/remote-job/customer-success-manager,$120K-200K,Ready to Apply
14,Uscreen,Customer Success Manager,https://workew.com/job/customer-success-manager-uscreen/,Competitive,Ready to Apply
15,Scribendi,Customer Success Manager,https://lazyapply.com/company/scribendi/jobs/customer-success-manager-remote-1765087901155,$135K-185K,Ready to Apply
16,Deel,Manager Customer Success EMEA,https://www.remotefront.com/remote-jobs/deel-manager-customer-success-emea-guhtd,Remote,Ready to Apply
17,Abnormal Security,Customer Success Manager,https://www.remotefront.com/remote-jobs/abnormal-security-customer-success-manager-jnumz,Remote,Ready to Apply
18,CodiumAI,Customer Success Manager,https://www.remotefront.com/remote-jobs/codiumai-customer-success-manager-jnumz,Remote,Ready to Apply
19,Teramind,Customer Success Manager SMB,http://www.remote.com/jobs/teramind-c1ipeyi9/customer-success-manager-smb-remote-j1ri50ki,Remote,Ready to Apply
20,Rankbreeze,Customer Success Manager,https://dynamitejobs.com/company/rankbreeze/remote-job/customer-success-manager-remote-contractor,2K/month,Ready to Apply
21,Customer.io,Customer Success Manager Americas,https://www.remotely.jobs/show/7ed757e2c0063562685a6596164181c6e589b5318d1377999943598dafef99a0,$80K,Ready to Apply
22,800.com,Account Growth Manager,https://dynamitejobs.com/company/800com/remote-job/account-growth-manager-saas,$90K-110K,Ready to Apply
23,ProductWind,Account Executive,https://dynamitejobs.com/company/productwind/remote-job/account-executive,$70K-120K,Ready to Apply
24,Ashby,Startup Account Executive,https://remotive.com/remote/jobs/sales-business/startup-account-executive-2994621,Competitive,Ready to Apply
25,Remote (company),Mobility Coordinator,https://remote.com/openings/7700053003,$23K-60K,Ready to Apply
26,Marvelous.works,Operations Coordinator,https://jobflarely.liveblog365.com/job/remote-operations-coordinator-11,$50K-60K,Ready to Apply
27,Blockworks,Web3 Operations Coordinator,https://web3.career/operations-coordinator-blockworks/142349,$75K,Ready to Apply
28,Shown Media,People & Operations Coordinator,https://dynamitejobs.com/company/shownmedia/remote-job/people-operations-coordinator,$50K-75K,Ready to Apply
29,Caylent,Operations Coordinator,https://www.remotely.jobs/show/8302cc21b6ac3137dbf846679d0a640066825a82c86352b3b704c53e4044211d,Competitive,Ready to Apply
30,Zelh,Operations Coordinator,https://remoteotter.com/company/zelh/jobs/remote-operations-coordinator_2766f2a3-91f5-44b5-a8de-0c7941425ee6,$50K-65K,Ready to Apply
31,Honor,Operations Coordinator,https://dynamitejobs.com/company/honor/remote-job/operations-coordinator,$21.60/hr,Ready to Apply
32,Novaedge,Operations Coordinator,https://novaedge.page.gd/job/remote-operations-coordinator-8,Competitive,Ready to Apply
33,Pavago,Operations Coordinator,https://remotejobs.org/remote-jobs/operations-coordinator-pavago,Remote,Ready to Apply
34,Hearth,Senior Account Executive,https://www.remotefront.com/remote-jobs/hearth-senior-account-executive-april-2026-start-date-07439,$40K+150K,Ready to Apply
35,Ontra,Account Executive Growth Sales,https://dynamitejobs.com/company/ontra/remote-job/account-executive-growth-sales,$79K-110.5K,Ready to Apply
36,Kognitos,Enterprise Account Executive,https://dynamitejobs.com/company/kognitos/remote-job/enterprise-account-executive-central,$225K-350K,Ready to Apply
37,Natoma,Founding Account Executive,https://remotive.com/remote/jobs/founding-account-executive-4200042,Competitive,Ready to Apply
38,Levelpath,Strategic Account Executive,https://builtin.com/job/enterprise-account-executive-remote/4456545,$100K-150K,Ready to Apply
39,Wamy,Founding Account Executive,https://lazyapply.com/company/wamycommunityaction/jobs/account-executive-united-states-remote-1766795176425,$150K-200K,Ready to Apply
40,Maker,Account Executive,https://maker.freshteam.com/jobs/08lo-ixAwPry/account-executive-remote,Competitive,Ready to Apply
41,The Remote Reps,Account Executive,https://theremotereps.com/account-executive/,Competitive,Ready to Apply
42,Jobgether,Strategic Client Success Manager,https://www.marketingremotejobs.app/job/jobgether-strategic-client-success-manager,$112K-175K,Ready to Apply
43,Flexionis,Senior Success Manager,https://www.flexionis.wuaze.com/job/remote-customer-success-jobs-full-time-senior-success-manager-remote-85k-115k-base-bonus-north-las-v,$85K-115K,Ready to Apply
44,WorkinVirtual,Customer Success Manager,https://workinvirtual.com/job/customer-success-manager-saas-account-growth-retention-us-remote-80k-140k/,$80K-140K,Ready to Apply
45,Evi,Customer Success Manager,https://ca.indeed.com/q-customer-success-manager-remote-l-ontario-jobs.html,Remote,Ready to Apply
46,RemotelyTalents,Customer Success Specialist,https://careers.remotelytalents.com/jobs/7498458-customer-success-specialist-26033103,Remote,Ready to Apply
47,Remotely.jobs,Various CSM roles,https://www.remotely.jobs/,Remote,Ready to Apply
48,Remote.com,Various roles,https://jobs.remote.com/,Remote,Ready to Apply
49,DynamiteJobs,Multiple CSM jobs,https://dynamitejobs.com/remote-jobs/customer-success,Remote,Ready to Apply
50,Remotive,Various remote jobs,https://remotive.com/remote/jobs,Remote,Ready to Apply